INSERT INTO DISEASE (ID_DISEASE, DISEASE_NAME) VALUES (1, 'Ветрянка'); 
INSERT INTO DISEASE (ID_DISEASE, DISEASE_NAME) VALUES (2, 'Корь'); 
INSERT INTO DISEASE (ID_DISEASE, DISEASE_NAME) VALUES (3, 'ОРЗ'); 
INSERT INTO DISEASE (ID_DISEASE, DISEASE_NAME) VALUES (4, 'Язва'); 
INSERT INTO DISEASE (ID_DISEASE, DISEASE_NAME) VALUES (5, 'Импотенция'); 

COMMIT;

INSERT INTO DRUG (ID_DRUG, DRUG_NAME, DRUG_SHELF_LIFE, DRUG_CURRENT_COST, DRUG_RECIPE_NEEDED)
VALUES (1, 'Аспирин', 30, 32.22, 0); 
INSERT INTO DRUG (ID_DRUG, DRUG_NAME, DRUG_SHELF_LIFE, DRUG_CURRENT_COST, DRUG_RECIPE_NEEDED)
VALUES (2, 'Нурафен', 40, 55.10, 0); 
INSERT INTO DRUG (ID_DRUG, DRUG_NAME, DRUG_SHELF_LIFE, DRUG_CURRENT_COST, DRUG_RECIPE_NEEDED)
VALUES (3, 'Аспоркам', 20, 69.80, 1); 
INSERT INTO DRUG (ID_DRUG, DRUG_NAME, DRUG_SHELF_LIFE, DRUG_CURRENT_COST, DRUG_RECIPE_NEEDED)
VALUES (4, 'Ношпа', 35, 20.90, 0); 
INSERT INTO DRUG (ID_DRUG, DRUG_NAME, DRUG_SHELF_LIFE, DRUG_CURRENT_COST, DRUG_RECIPE_NEEDED)
VALUES (5, 'Диазолин', 50, 11.0, 0); 
INSERT INTO DRUG (ID_DRUG, DRUG_NAME, DRUG_SHELF_LIFE, DRUG_CURRENT_COST, DRUG_RECIPE_NEEDED)
VALUES (6, 'Мезим', 30, 41.20, 0); 
INSERT INTO DRUG (ID_DRUG, DRUG_NAME, DRUG_SHELF_LIFE, DRUG_CURRENT_COST, DRUG_RECIPE_NEEDED)
VALUES (7, 'Регидрон', 70, 5.40, 0); 
INSERT INTO DRUG (ID_DRUG, DRUG_NAME, DRUG_SHELF_LIFE, DRUG_CURRENT_COST, DRUG_RECIPE_NEEDED)
VALUES (8, 'Флуоксетин', 50, 15.40, 1); 
INSERT INTO DRUG (ID_DRUG, DRUG_NAME, DRUG_SHELF_LIFE, DRUG_CURRENT_COST, DRUG_RECIPE_NEEDED)
VALUES (9, 'Супрадин', 30, 25.0, 0);           

COMMIT;

INSERT INTO INCOMPATIBILITY (ID_INCOMPATIBILITY,  ID_DRAG_FIRST, ID_DRAG_SECOND) VALUES (1, 1, 8);
INSERT INTO INCOMPATIBILITY (ID_INCOMPATIBILITY,  ID_DRAG_FIRST, ID_DRAG_SECOND) VALUES (2, 2, 3);
INSERT INTO INCOMPATIBILITY (ID_INCOMPATIBILITY,  ID_DRAG_FIRST, ID_DRAG_SECOND) VALUES (3, 1, 2);
INSERT INTO INCOMPATIBILITY (ID_INCOMPATIBILITY,  ID_DRAG_FIRST, ID_DRAG_SECOND) VALUES (4, 4, 3);
INSERT INTO INCOMPATIBILITY (ID_INCOMPATIBILITY,  ID_DRAG_FIRST, ID_DRAG_SECOND) VALUES (5, 6, 8);
INSERT INTO INCOMPATIBILITY (ID_INCOMPATIBILITY,  ID_DRAG_FIRST, ID_DRAG_SECOND) VALUES (6, 3, 7);
INSERT INTO INCOMPATIBILITY (ID_INCOMPATIBILITY,  ID_DRAG_FIRST, ID_DRAG_SECOND) VALUES (7, 9, 1);
INSERT INTO INCOMPATIBILITY (ID_INCOMPATIBILITY,  ID_DRAG_FIRST, ID_DRAG_SECOND) VALUES (8, 3, 4);       

COMMIT;

INSERT INTO INDICATION (ID_INDICATION,  ID_DISEASE, ID_DRUG) VALUES (1, 1, 1);
INSERT INTO INDICATION (ID_INDICATION,  ID_DISEASE, ID_DRUG) VALUES (2, 2, 2);
INSERT INTO INDICATION (ID_INDICATION,  ID_DISEASE, ID_DRUG) VALUES (3, 3, 4);
INSERT INTO INDICATION (ID_INDICATION,  ID_DISEASE, ID_DRUG) VALUES (4, 4, 4);
INSERT INTO INDICATION (ID_INDICATION,  ID_DISEASE, ID_DRUG) VALUES (5, 5, 5);
INSERT INTO INDICATION (ID_INDICATION,  ID_DISEASE, ID_DRUG) VALUES (6, 5, 7);
INSERT INTO INDICATION (ID_INDICATION,  ID_DISEASE, ID_DRUG) VALUES (7, 4, 7);
INSERT INTO INDICATION (ID_INDICATION,  ID_DISEASE, ID_DRUG) VALUES (8, 4, 9);
INSERT INTO INDICATION (ID_INDICATION,  ID_DISEASE, ID_DRUG) VALUES (9, 3, 8);
INSERT INTO INDICATION (ID_INDICATION,  ID_DISEASE, ID_DRUG) VALUES (10, 3, 5);
INSERT INTO INDICATION (ID_INDICATION,  ID_DISEASE, ID_DRUG) VALUES (11, 2, 6);
INSERT INTO INDICATION (ID_INDICATION,  ID_DISEASE, ID_DRUG) VALUES (12, 1, 5);  

COMMIT;

INSERT INTO CONTRAINDICATION (ID_CONTRAINDICATION,  ID_DISEASE, ID_DRAG) VALUES (1, 4, 8);
INSERT INTO CONTRAINDICATION (ID_CONTRAINDICATION,  ID_DISEASE, ID_DRAG) VALUES (2, 4, 3);
INSERT INTO CONTRAINDICATION (ID_CONTRAINDICATION,  ID_DISEASE, ID_DRAG) VALUES (3, 1, 6);
INSERT INTO CONTRAINDICATION (ID_CONTRAINDICATION,  ID_DISEASE, ID_DRAG) VALUES (4, 1, 2);
INSERT INTO CONTRAINDICATION (ID_CONTRAINDICATION,  ID_DISEASE, ID_DRAG) VALUES (5, 3, 3);
INSERT INTO CONTRAINDICATION (ID_CONTRAINDICATION,  ID_DISEASE, ID_DRAG) VALUES (6, 3, 7);
INSERT INTO CONTRAINDICATION (ID_CONTRAINDICATION,  ID_DISEASE, ID_DRAG) VALUES (7, 3, 9);
INSERT INTO CONTRAINDICATION (ID_CONTRAINDICATION,  ID_DISEASE, ID_DRAG) VALUES (8, 4, 2);
INSERT INTO CONTRAINDICATION (ID_CONTRAINDICATION,  ID_DISEASE, ID_DRAG) VALUES (9, 5, 6);
INSERT INTO CONTRAINDICATION (ID_CONTRAINDICATION,  ID_DISEASE, ID_DRAG) VALUES (10, 5, 1);
INSERT INTO CONTRAINDICATION (ID_CONTRAINDICATION,  ID_DISEASE, ID_DRAG) VALUES (11, 2, 4);
INSERT INTO CONTRAINDICATION (ID_CONTRAINDICATION,  ID_DISEASE, ID_DRAG) VALUES (12, 2, 5);  

COMMIT;

INSERT INTO PROVIDER (ID_PROVIDER,  PROVIDER_NAME) VALUES (1, 'Добрый доктор');
INSERT INTO PROVIDER (ID_PROVIDER,  PROVIDER_NAME) VALUES (2, 'Доставщики9000');
INSERT INTO PROVIDER (ID_PROVIDER,  PROVIDER_NAME) VALUES (3, 'Фармаштекер');
INSERT INTO PROVIDER (ID_PROVIDER,  PROVIDER_NAME) VALUES (4, 'Компания Бориса');
INSERT INTO PROVIDER (ID_PROVIDER,  PROVIDER_NAME) VALUES (5, 'Доктор силач');  

COMMIT;

INSERT INTO DRUGSTORE (ID_DRUGSTORE,  DRUGSTORE_ADDRESS) VALUES (1, 'Москва, ул. Ленина 21к1');
INSERT INTO DRUGSTORE (ID_DRUGSTORE,  DRUGSTORE_ADDRESS) VALUES (2, 'Санкт-Петербург, пр. Энгельса 10к2');
INSERT INTO DRUGSTORE (ID_DRUGSTORE,  DRUGSTORE_ADDRESS) VALUES (3, 'Санкт-Петербург, пр. Невский 5к1');
INSERT INTO DRUGSTORE (ID_DRUGSTORE,  DRUGSTORE_ADDRESS) VALUES (4, 'Санкт-Петербург, ул. Парашютная 12к1'); 

COMMIT;

INSERT INTO CONSIGNMENT (ID_CONSIGNMENT,  ID_DRAG, ID_PROVIDER, CONSIGNMENT_DRAG_COUNT, CONSIGNMENT_ARRIVAL_DATE, CONSIGNMENT_MANUFACTURE_DATE, ID_DRUGSTORE)
VALUES (1, 5, 3, 1200, '01-10-2011', '09-25-2010', 1);
INSERT INTO CONSIGNMENT (ID_CONSIGNMENT,  ID_DRAG, ID_PROVIDER, CONSIGNMENT_DRAG_COUNT, CONSIGNMENT_ARRIVAL_DATE, CONSIGNMENT_MANUFACTURE_DATE, ID_DRUGSTORE)
VALUES (2, 2, 5, 1000, '02-13-2011', '02-11-2011', 1);
INSERT INTO CONSIGNMENT (ID_CONSIGNMENT,  ID_DRAG, ID_PROVIDER, CONSIGNMENT_DRAG_COUNT, CONSIGNMENT_ARRIVAL_DATE, CONSIGNMENT_MANUFACTURE_DATE, ID_DRUGSTORE)
VALUES (3, 7, 4, 3000, '01-14-2011', '01-10-2011', 4);
INSERT INTO CONSIGNMENT (ID_CONSIGNMENT,  ID_DRAG, ID_PROVIDER, CONSIGNMENT_DRAG_COUNT, CONSIGNMENT_ARRIVAL_DATE, CONSIGNMENT_MANUFACTURE_DATE, ID_DRUGSTORE)
VALUES (4, 1, 2, 3000, '02-15-2011', '02-01-2011', 3);
INSERT INTO CONSIGNMENT (ID_CONSIGNMENT,  ID_DRAG, ID_PROVIDER, CONSIGNMENT_DRAG_COUNT, CONSIGNMENT_ARRIVAL_DATE, CONSIGNMENT_MANUFACTURE_DATE, ID_DRUGSTORE)
VALUES (5, 3, 1, 6000, '01-10-2011', '11-11-2010', 3);
INSERT INTO CONSIGNMENT (ID_CONSIGNMENT,  ID_DRAG, ID_PROVIDER, CONSIGNMENT_DRAG_COUNT, CONSIGNMENT_ARRIVAL_DATE, CONSIGNMENT_MANUFACTURE_DATE, ID_DRUGSTORE)
VALUES (6, 4, 1, 2000, '01-20-2011', '12-20-2010', 2);
INSERT INTO CONSIGNMENT (ID_CONSIGNMENT,  ID_DRAG, ID_PROVIDER, CONSIGNMENT_DRAG_COUNT, CONSIGNMENT_ARRIVAL_DATE, CONSIGNMENT_MANUFACTURE_DATE, ID_DRUGSTORE)
VALUES (7, 5, 5, 1000, '01-24-2011', '01-21-2011', 2);
INSERT INTO CONSIGNMENT (ID_CONSIGNMENT,  ID_DRAG, ID_PROVIDER, CONSIGNMENT_DRAG_COUNT, CONSIGNMENT_ARRIVAL_DATE, CONSIGNMENT_MANUFACTURE_DATE, ID_DRUGSTORE)
VALUES (8, 8, 3, 1000, '02-10-2011', '02-09-2011', 4); 
   
COMMIT;

INSERT INTO CLIENT (ID_CLIENT,  CLIENT_NAME) VALUES (1, 'Валера');
INSERT INTO CLIENT (ID_CLIENT,  CLIENT_NAME) VALUES (2, 'Игнат');
INSERT INTO CLIENT (ID_CLIENT,  CLIENT_NAME) VALUES (3, 'Борис');

COMMIT;

INSERT INTO REQUEST (ID_REQUEST,  REQUEST_DATE, ID_CLIENT) VALUES (1, '03-17-2011', 1);
INSERT INTO REQUEST (ID_REQUEST,  REQUEST_DATE, ID_CLIENT) VALUES (2, '04-02-2011', 3);
INSERT INTO REQUEST (ID_REQUEST,  REQUEST_DATE, ID_CLIENT) VALUES (3, '03-11-2011', 2);
INSERT INTO REQUEST (ID_REQUEST,  REQUEST_DATE, ID_CLIENT) VALUES (4, '04-22-2011', 1);
INSERT INTO REQUEST (ID_REQUEST,  REQUEST_DATE, ID_CLIENT) VALUES (5, '04-22-2011', 1);
INSERT INTO REQUEST (ID_REQUEST,  REQUEST_DATE, ID_CLIENT) VALUES (6, '04-28-2011', 2);
INSERT INTO REQUEST (ID_REQUEST,  REQUEST_DATE, ID_CLIENT) VALUES (7, '04-10-2011', 3);
INSERT INTO REQUEST (ID_REQUEST,  REQUEST_DATE, ID_CLIENT) VALUES (8, '03-02-2011', 3);   

COMMIT;

INSERT INTO REQUEST_FROM_DRUGSTORE (ID_REQUEST_FROM_DRUGSTORE,  ID_REQUEST, DRUG_PREVIOUS_COST, DRUG_COUNT, ID_CONSIGNMENT)
VALUES (1, 2, 15.0, 100, 1);
INSERT INTO REQUEST_FROM_DRUGSTORE (ID_REQUEST_FROM_DRUGSTORE,  ID_REQUEST, DRUG_PREVIOUS_COST, DRUG_COUNT, ID_CONSIGNMENT)
VALUES (2, 3, 25.0, 50, 2);
INSERT INTO REQUEST_FROM_DRUGSTORE (ID_REQUEST_FROM_DRUGSTORE,  ID_REQUEST, DRUG_PREVIOUS_COST, DRUG_COUNT, ID_CONSIGNMENT)
VALUES (3, 4, 70.0, 20, 3);
INSERT INTO REQUEST_FROM_DRUGSTORE (ID_REQUEST_FROM_DRUGSTORE,  ID_REQUEST, DRUG_PREVIOUS_COST, DRUG_COUNT, ID_CONSIGNMENT)
VALUES (4, 1, 15.0, 200, 4);
INSERT INTO REQUEST_FROM_DRUGSTORE (ID_REQUEST_FROM_DRUGSTORE,  ID_REQUEST, DRUG_PREVIOUS_COST, DRUG_COUNT, ID_CONSIGNMENT)
VALUES (5, 7, 35.0, 100, 5);
INSERT INTO REQUEST_FROM_DRUGSTORE (ID_REQUEST_FROM_DRUGSTORE,  ID_REQUEST, DRUG_PREVIOUS_COST, DRUG_COUNT, ID_CONSIGNMENT)
VALUES (6, 8, 10.0, 400, 6);
INSERT INTO REQUEST_FROM_DRUGSTORE (ID_REQUEST_FROM_DRUGSTORE,  ID_REQUEST, DRUG_PREVIOUS_COST, DRUG_COUNT, ID_CONSIGNMENT)
VALUES (7, 2, 10.0, 100, 7);
INSERT INTO REQUEST_FROM_DRUGSTORE (ID_REQUEST_FROM_DRUGSTORE,  ID_REQUEST, DRUG_PREVIOUS_COST, DRUG_COUNT, ID_CONSIGNMENT)
VALUES (8, 3, 15.0, 50, 8);
INSERT INTO REQUEST_FROM_DRUGSTORE (ID_REQUEST_FROM_DRUGSTORE,  ID_REQUEST, DRUG_PREVIOUS_COST, DRUG_COUNT, ID_CONSIGNMENT)
VALUES (9, 2, 15.0, 50, 1);
INSERT INTO REQUEST_FROM_DRUGSTORE (ID_REQUEST_FROM_DRUGSTORE,  ID_REQUEST, DRUG_PREVIOUS_COST, DRUG_COUNT, ID_CONSIGNMENT)
VALUES (10, 1, 25.0, 150, 2);
INSERT INTO REQUEST_FROM_DRUGSTORE (ID_REQUEST_FROM_DRUGSTORE,  ID_REQUEST, DRUG_PREVIOUS_COST, DRUG_COUNT, ID_CONSIGNMENT)
VALUES (11, 1, 70.0, 120, 3);
INSERT INTO REQUEST_FROM_DRUGSTORE (ID_REQUEST_FROM_DRUGSTORE,  ID_REQUEST, DRUG_PREVIOUS_COST, DRUG_COUNT, ID_CONSIGNMENT)
VALUES (12, 7, 15.0, 250, 4);
INSERT INTO REQUEST_FROM_DRUGSTORE (ID_REQUEST_FROM_DRUGSTORE,  ID_REQUEST, DRUG_PREVIOUS_COST, DRUG_COUNT, ID_CONSIGNMENT)
VALUES (13, 7, 35.0, 130, 5);
INSERT INTO REQUEST_FROM_DRUGSTORE (ID_REQUEST_FROM_DRUGSTORE,  ID_REQUEST, DRUG_PREVIOUS_COST, DRUG_COUNT, ID_CONSIGNMENT)
VALUES (14, 6, 10.0, 100, 6);
INSERT INTO REQUEST_FROM_DRUGSTORE (ID_REQUEST_FROM_DRUGSTORE,  ID_REQUEST, DRUG_PREVIOUS_COST, DRUG_COUNT, ID_CONSIGNMENT)
VALUES (15, 3, 10.0, 150, 7);
INSERT INTO REQUEST_FROM_DRUGSTORE (ID_REQUEST_FROM_DRUGSTORE,  ID_REQUEST, DRUG_PREVIOUS_COST, DRUG_COUNT, ID_CONSIGNMENT)
VALUES (16, 8, 15.0, 250, 8);

COMMIT;

